NAME,POS,GP,AB,R,H,AVG,2B,3B,HR,RBI,TB,BB,K,SB,OBP,SLG,OPS,WAR
Aaron JudgeNYY,CF,145,517,110,165,0.319,33,1,51,126,353,119,156,8,0.453,0.683,1.136,9.5
Bobby Witt Jr.KC,SS,147,586,120,195,0.333,42,11,30,99,349,47,98,28,0.385,0.596,0.98,9
Jarren DuranBOS,CF,145,610,102,174,0.285,44,13,21,72,307,50,146,32,0.342,0.503,0.845,8.4
Gunnar HendersonBAL,SS,145,576,111,162,0.281,27,6,36,85,309,72,145,18,0.366,0.536,0.903,8.3
Juan SotoNYY,RF,143,530,115,153,0.289,28,4,39,101,306,118,107,5,0.418,0.577,0.996,7.4
Shohei OhtaniLAD,DH,143,569,116,166,0.292,30,7,47,104,351,74,146,48,0.375,0.617,0.992,7.4
Matt ChapmanSF,3B,144,536,93,134,0.25,35,1,24,73,243,62,146,15,0.333,0.453,0.787,6.7
Francisco LindorNYM,SS,146,596,102,160,0.268,38,1,31,85,293,54,122,27,0.34,0.492,0.831,6.4
Ketel MarteARI,2B,120,451,83,133,0.295,21,2,31,85,251,53,94,6,0.368,0.557,0.924,6
Vladimir Guerrero Jr.TOR,1B,144,558,88,179,0.321,40,1,28,94,305,64,88,2,0.394,0.547,0.94,5.4
Jose RamirezCLE,3B,144,567,104,153,0.27,32,1,34,106,289,51,76,39,0.329,0.51,0.838,5.4
Mookie BettsLAD,SS,100,389,69,118,0.303,23,4,17,66,200,59,51,14,0.395,0.514,0.909,5.2
Brent RookerOAK,LF,130,486,76,145,0.298,25,2,36,102,282,53,156,9,0.37,0.58,0.951,5.1
Corey SeagerTEX,SS,123,475,68,132,0.278,21,0,30,74,243,53,96,1,0.353,0.512,0.864,5
Yordan AlvarezHOU,LF,137,515,81,160,0.311,31,2,32,80,291,63,87,6,0.394,0.565,0.959,5
Daulton VarshoTOR,CF,136,459,73,98,0.214,21,7,18,58,187,48,137,10,0.293,0.407,0.7,4.9
Riley GreeneDET,LF,122,453,74,120,0.265,25,6,21,66,220,60,138,4,0.356,0.486,0.841,4.9
Elly De La CruzCIN,SS,146,560,96,145,0.259,33,8,23,65,263,66,196,64,0.343,0.47,0.812,4.8
Zach NetoLAA,SS,142,492,66,126,0.256,31,1,21,70,222,36,122,29,0.327,0.451,0.778,4.7
Masyn WinnSTL,SS,136,525,72,143,0.272,26,4,13,50,216,38,101,11,0.32,0.411,0.731,4.4
Brice TurangMIL,2B,140,501,64,127,0.253,22,4,7,52,178,44,97,41,0.315,0.355,0.67,4.3
William ContrerasMIL,C,142,554,91,155,0.28,35,2,21,84,257,67,126,6,0.359,0.464,0.823,4.2
Bryce HarperPHI,1B,130,496,76,143,0.288,39,0,26,79,260,68,117,5,0.375,0.524,0.899,4.2
Marcell OzunaATL,DH,146,548,88,166,0.303,28,0,37,98,305,64,156,0,0.376,0.557,0.933,4.2
Cal RaleighSEA,C,139,489,65,105,0.215,16,0,30,92,211,62,163,6,0.307,0.431,0.738,4.2
Freddie FreemanLAD,1B,134,493,75,139,0.282,31,2,21,83,237,72,95,6,0.38,0.481,0.86,4.1
Ian HappCHC,LF,139,511,82,124,0.243,34,2,23,81,231,72,159,11,0.341,0.452,0.793,4
Marcus SemienTEX,2B,144,589,91,141,0.239,25,2,21,70,233,58,95,6,0.308,0.396,0.704,4
Brenton DoyleCOL,CF,139,508,79,135,0.266,24,4,22,67,233,44,147,27,0.325,0.459,0.784,3.9
Rafael DeversBOS,3B,131,502,84,139,0.277,34,5,28,81,267,62,136,2,0.355,0.532,0.887,3.8
Jackson ChourioMIL,RF,132,464,71,126,0.272,26,2,20,71,216,35,104,20,0.325,0.466,0.791,3.8
Kyle TuckerHOU,RF,65,229,45,61,0.266,12,0,19,42,130,48,46,10,0.393,0.568,0.961,3.7
Andres GimenezCLE,2B,139,533,61,136,0.255,20,1,8,59,182,25,89,28,0.304,0.341,0.645,3.7
Jackson MerrillSD,CF,142,504,72,144,0.286,23,6,23,83,248,25,96,16,0.318,0.492,0.81,3.6
Bryan ReynoldsPIT,LF,141,566,70,158,0.279,26,3,22,83,256,51,138,10,0.346,0.452,0.798,3.6
Jose AltuveHOU,2B,141,576,86,174,0.302,28,0,19,62,259,43,110,20,0.357,0.45,0.806,3.6
Ernie ClementTOR,3B,124,378,45,101,0.267,20,3,11,47,160,9,35,11,0.288,0.423,0.712,3.6
Kyle SchwarberPHI,DH,134,510,100,128,0.251,20,0,35,95,253,98,176,5,0.372,0.496,0.868,3.5
Josh SmithTEX,3B,135,464,60,122,0.263,27,1,12,56,187,44,106,9,0.347,0.403,0.75,3.5
Alec BohmPHI,3B,131,507,59,147,0.29,44,2,13,89,234,38,76,5,0.343,0.462,0.804,3.5
Teoscar HernandezLAD,LF,139,531,75,142,0.267,29,2,28,87,259,47,167,11,0.333,0.488,0.821,3.5
Carlos CorreaMIN,SS,75,279,51,86,0.308,16,2,13,47,145,30,53,0,0.377,0.52,0.896,3.3
Steven KwanCLE,LF,120,475,81,138,0.291,16,3,13,43,199,51,50,12,0.364,0.419,0.783,3.3
Brandon MarshPHI,LF,122,380,51,96,0.253,15,3,14,52,159,46,141,16,0.333,0.418,0.751,3.3
Yainer DiazHOU,C,134,525,64,158,0.301,25,3,16,81,237,22,91,2,0.327,0.451,0.778,3.3
Isiah Kiner-FalefaPIT/TOR,3B,119,404,51,109,0.27,13,4,8,42,154,16,66,9,0.313,0.381,0.694,3.3
Alex BregmanHOU,3B,132,531,72,136,0.256,28,2,22,65,234,39,77,3,0.312,0.441,0.753,3.3
Byron BuxtonMIN,CF,90,305,54,84,0.275,23,3,16,49,161,18,89,6,0.334,0.528,0.862,3.3
Anthony VolpeNYY,SS,146,590,86,147,0.249,27,7,11,55,221,37,143,26,0.297,0.375,0.671,3.3
Will SmithLAD,C,116,436,66,107,0.245,24,1,18,70,187,46,101,0,0.324,0.429,0.753,3.2
Jeremy PenaHOU,SS,143,551,72,147,0.267,23,2,15,68,219,22,102,16,0.306,0.397,0.704,3.2
Julio RodriguezSEA,CF,128,497,62,128,0.258,14,0,14,49,184,36,138,22,0.315,0.37,0.685,3.2
Adley RutschmanBAL,C,134,519,62,132,0.254,18,1,18,74,206,53,92,1,0.322,0.397,0.719,3.2
CJ AbramsWSH,SS,134,527,77,126,0.239,27,6,20,65,225,39,125,29,0.308,0.427,0.735,3.2
Ezequiel TovarCOL,SS,142,590,76,157,0.266,43,3,22,66,272,20,179,6,0.291,0.461,0.752,3.1
Jacob YoungWSH,CF,135,426,73,109,0.256,23,1,3,34,143,27,92,32,0.315,0.336,0.651,3.1
Jurickson ProfarSD,LF,144,513,83,143,0.279,26,0,22,82,235,71,92,9,0.381,0.458,0.839,3.1
Joc PedersonARI,DH,118,330,59,93,0.282,16,1,22,61,177,54,95,6,0.404,0.536,0.941,3.1
Willy AdamesMIL,SS,146,554,85,139,0.251,29,0,30,102,258,68,155,18,0.332,0.466,0.798,3.1
Tyler FitzgeraldSF,SS,84,270,49,80,0.296,17,2,14,31,143,19,87,17,0.35,0.53,0.88,3.1
Seiya SuzukiCHC,RF,119,464,69,127,0.274,24,6,20,66,223,52,145,14,0.352,0.481,0.832,3.1
Anthony SantanderBAL,RF,141,541,85,131,0.242,23,2,41,95,281,52,119,2,0.314,0.519,0.833,3
Geraldo PerdomoARI,SS,82,285,52,80,0.281,18,1,3,31,109,28,49,8,0.346,0.382,0.728,3
Willson ContrerasSTL,C,84,301,48,79,0.262,17,0,15,36,141,45,96,4,0.38,0.468,0.848,3
Eugenio SuarezARI,3B,142,508,84,130,0.256,28,2,28,92,246,47,151,2,0.324,0.484,0.808,3
Dansby SwansonCHC,SS,135,475,70,111,0.234,22,2,14,58,179,49,132,16,0.306,0.377,0.683,3
Tyler O'NeillBOS,LF,102,375,71,97,0.259,18,0,30,59,205,49,144,4,0.35,0.547,0.897,3
Michael BuschCHC,1B,137,453,68,113,0.249,27,2,17,56,195,58,149,2,0.335,0.43,0.766,2.9
Wilyer AbreuBOS,RF,117,355,55,94,0.265,31,2,15,55,174,34,114,8,0.328,0.49,0.818,2.9
Salvador PerezKC,C,144,532,56,148,0.278,27,0,26,101,253,41,119,0,0.339,0.476,0.815,2.9
Luke RaleySEA,LF,124,366,53,87,0.238,17,2,19,52,165,26,123,10,0.315,0.451,0.765,2.9
Mark VientosNYM,3B,96,352,50,97,0.276,20,0,24,62,189,30,109,0,0.335,0.537,0.872,2.9
Ceddanne RafaelaBOS,SS,141,506,68,127,0.251,21,5,15,70,203,15,140,17,0.279,0.401,0.68,2.8
J.T. RealmutoPHI,C,86,334,44,89,0.266,15,1,12,40,142,24,86,2,0.322,0.425,0.747,2.8
Matt OlsonATL,1B,146,545,70,129,0.237,33,1,25,81,239,58,156,0,0.317,0.439,0.755,2.8
Trea TurnerPHI,SS,105,439,79,131,0.298,22,0,18,55,207,26,85,15,0.344,0.472,0.815,2.8
Austin WellsNYY,C,103,313,39,79,0.252,16,1,13,50,136,41,76,1,0.34,0.435,0.774,2.8
Lawrence ButlerOAK,RF,112,361,56,97,0.269,23,2,21,54,187,30,90,14,0.322,0.518,0.84,2.8
Austin RileyATL,3B,110,425,63,109,0.256,26,2,19,56,196,37,118,0,0.322,0.461,0.783,2.8
Freddy FerminKC,C,101,312,39,89,0.285,14,0,6,36,121,22,61,1,0.333,0.388,0.721,2.8
Nico HoernerCHC,2B,136,524,76,137,0.261,31,1,5,42,185,41,64,28,0.328,0.353,0.681,2.7
Bryson StottPHI,2B,135,461,60,113,0.245,18,2,11,54,168,50,83,29,0.317,0.364,0.682,2.7
Corbin CarrollARI,CF,142,534,108,123,0.23,21,13,19,67,227,61,115,27,0.316,0.425,0.741,2.7
David HamiltonBOS,SS,98,294,47,73,0.248,17,1,8,28,116,22,80,33,0.303,0.395,0.697,2.7
Ryan McMahonCOL,3B,139,514,62,127,0.247,25,0,19,61,209,65,165,4,0.333,0.407,0.74,2.7
Joey OrtizMIL,3B,126,385,49,92,0.239,22,4,10,49,152,54,88,9,0.339,0.395,0.733,2.6
Ha-Seong KimSD,SS,121,403,60,94,0.233,16,3,11,47,149,58,77,22,0.33,0.37,0.7,2.6
Miguel RojasLAD,SS,94,283,35,82,0.29,21,0,4,33,115,18,29,7,0.332,0.406,0.739,2.6
Manny MachadoSD,3B,138,536,70,147,0.274,26,0,26,94,251,42,108,9,0.326,0.468,0.795,2.6
Victor RoblesSEA/WSH,CF,78,210,32,63,0.3,14,0,4,21,89,19,47,26,0.379,0.424,0.803,2.6
Jazz Chisholm Jr.MIA/NYY,3B,134,513,69,134,0.261,19,4,22,66,227,49,139,35,0.33,0.442,0.772,2.6
Shea LangeliersOAK,C,124,438,51,97,0.221,16,2,25,69,192,34,131,4,0.282,0.438,0.721,2.6
Jordan WestburgBAL,3B,101,390,55,105,0.269,25,5,18,58,194,21,90,6,0.317,0.497,0.815,2.6
Matt VierlingDET,CF,130,477,72,124,0.26,26,5,16,54,208,31,105,5,0.307,0.436,0.743,2.6
Jose IglesiasNYM,2B,69,202,28,64,0.317,14,1,3,23,89,11,31,5,0.371,0.441,0.812,2.6
Christian WalkerARI,1B,114,424,64,108,0.255,22,0,25,77,205,50,122,2,0.337,0.483,0.821,2.5
Max MuncyLAD,3B,59,191,37,44,0.23,12,0,14,39,98,34,66,0,0.346,0.513,0.859,2.5
Oneil CruzPIT,SS,132,496,65,132,0.266,33,3,19,72,228,42,167,22,0.325,0.46,0.784,2.5
JJ BledayOAK,CF,144,524,71,128,0.244,40,4,20,56,236,59,112,1,0.323,0.45,0.773,2.5
Heliot RamosSF,CF,107,419,46,112,0.267,20,2,20,67,196,34,123,6,0.322,0.468,0.79,2.5
Brandon LoweTB,2B,93,328,50,80,0.244,19,3,18,51,159,33,94,5,0.322,0.485,0.806,2.5
Matt WallnerMIN,LF,64,184,25,48,0.261,16,1,13,34,105,22,80,3,0.377,0.571,0.948,2.5
Edmundo SosaPHI,SS,83,231,35,61,0.264,11,4,7,30,101,12,61,7,0.319,0.437,0.756,2.4
Colton CowserBAL,LF,139,448,70,109,0.243,21,3,20,62,196,49,153,8,0.325,0.438,0.763,2.4
LaMonte Wade Jr.SF,1B,104,285,41,76,0.267,15,0,6,29,109,59,80,1,0.396,0.382,0.778,2.4
Cedric MullinsBAL,CF,134,395,61,92,0.233,15,3,17,50,164,36,88,27,0.304,0.415,0.719,2.4
Kevin NewmanARI,SS,105,280,39,79,0.282,17,1,3,28,107,15,46,8,0.316,0.382,0.699,2.4
Pete Crow-ArmstrongCHC,CF,107,317,37,77,0.243,12,6,8,44,125,17,81,26,0.289,0.394,0.684,2.4
Ryan MountcastleBAL,1B,118,452,53,120,0.265,29,2,13,61,192,27,106,3,0.305,0.425,0.73,2.3
Pete AlonsoNYM,1B,146,550,83,131,0.238,30,0,31,80,254,62,154,3,0.325,0.462,0.787,2.3
Joey BartPIT,C,68,210,36,56,0.267,9,0,13,42,104,19,58,0,0.343,0.495,0.838,2.3
Nolan ArenadoSTL,3B,139,529,64,141,0.267,21,0,16,65,210,40,85,2,0.32,0.397,0.716,2.2
Blake PerkinsMIL,CF,107,343,48,86,0.251,12,2,6,40,120,38,96,20,0.326,0.35,0.676,2.2
Isaac ParedesCHC/TB,3B,139,493,59,114,0.231,24,1,19,74,197,70,95,0,0.344,0.4,0.743,2.2
Christian YelichMIL,LF,73,270,44,85,0.315,12,3,11,42,136,40,58,21,0.406,0.504,0.909,2.2
Jesse WinkerWSH/NYM,LF,137,411,63,108,0.263,23,0,14,58,173,59,103,14,0.365,0.421,0.786,2.2
Jose CaballeroTB,SS,126,405,53,95,0.235,24,1,9,44,148,26,123,40,0.292,0.365,0.657,2.2
Carlos SantanaMIN,1B,135,465,57,111,0.239,24,0,21,63,198,57,89,4,0.328,0.426,0.754,2.2
Brandon NimmoNYM,LF,136,509,78,115,0.226,24,3,18,75,199,74,142,13,0.336,0.391,0.727,2.2
Cody BellingerCHC,CF,116,459,64,122,0.266,23,1,17,66,198,43,78,9,0.33,0.431,0.761,2.2
Tyler StephensonCIN,C,125,411,62,106,0.258,24,1,18,58,186,41,100,1,0.334,0.453,0.787,2.2
Taylor WardLAA,LF,140,524,67,130,0.248,26,2,23,67,229,54,150,4,0.321,0.437,0.758,2.1
Mike YastrzemskiSF,RF,126,379,52,90,0.237,14,9,15,50,167,34,111,3,0.31,0.441,0.75,2.1
Josh RojasSEA,3B,130,393,45,90,0.229,19,2,7,26,134,43,102,10,0.308,0.341,0.649,2.1
Wyatt LangfordTEX,LF,119,444,59,111,0.25,22,4,10,63,171,41,103,14,0.316,0.385,0.701,2.1
Nathaniel LoweTEX,1B,125,431,55,114,0.265,14,1,13,56,169,64,112,2,0.362,0.392,0.754,2
Gabriel MorenoARI,C,86,275,36,72,0.262,17,1,5,41,106,34,45,3,0.344,0.385,0.729,2
Dylan MooreSEA,SS,120,340,47,70,0.206,22,4,10,41,130,45,118,29,0.318,0.382,0.7,2
Gavin LuxLAD,2B,125,403,51,101,0.251,22,2,10,47,157,34,99,5,0.311,0.39,0.7,2
Jose MirandaMIN,3B,116,387,44,114,0.295,28,4,9,49,177,18,60,2,0.333,0.457,0.79,2
Richie PalaciosTB,2B,88,253,46,59,0.233,8,1,5,21,84,42,66,19,0.35,0.332,0.682,2
Logan O'HoppeLAA,C,123,437,56,104,0.238,14,1,19,54,177,28,142,2,0.295,0.405,0.7,2
Brayan RocchioCLE,SS,130,347,49,73,0.21,15,0,8,32,112,41,77,10,0.303,0.323,0.626,2
Kerry CarpenterDET,RF,74,229,33,66,0.288,15,5,14,49,133,20,69,0,0.349,0.581,0.93,2
J.P. CrawfordSEA,SS,90,339,48,67,0.198,15,1,9,36,111,47,88,5,0.302,0.327,0.629,2
Jake McCarthyARI,RF,127,386,61,113,0.293,12,7,8,52,163,30,71,21,0.36,0.422,0.782,2
Ryan JeffersMIN,C,109,371,50,86,0.232,21,0,20,61,167,30,85,3,0.309,0.45,0.759,1.9
Fernando Tatis Jr.SD,RF,88,341,55,94,0.276,16,1,16,41,160,30,80,8,0.344,0.469,0.813,1.9
Brendan DonovanSTL,LF,137,526,60,143,0.272,30,2,12,63,213,41,71,4,0.337,0.405,0.742,1.9
Michael Harris IIATL,CF,94,371,43,92,0.248,12,2,11,37,141,18,87,8,0.287,0.38,0.667,1.9
Luis Garcia Jr.WSH,2B,127,455,51,128,0.281,25,1,15,63,200,26,78,21,0.32,0.44,0.759,1.9
Garrett MitchellMIL,CF,55,158,25,39,0.247,10,2,5,14,68,19,56,7,0.331,0.43,0.762,1.8
Connor WongBOS,C,114,406,53,116,0.286,21,1,13,48,178,25,102,6,0.339,0.438,0.778,1.8
Otto LopezMIA,2B,103,351,39,89,0.254,19,1,4,32,122,21,66,16,0.296,0.348,0.644,1.8
Lourdes Gurriel Jr.ARI,LF,125,486,69,133,0.274,22,1,17,70,208,27,98,7,0.316,0.428,0.744,1.8
Jake CronenworthSD,1B,141,527,70,131,0.249,27,3,16,78,212,53,105,5,0.328,0.402,0.731,1.8
Luis RengifoLAA,3B,78,283,41,85,0.3,13,1,6,30,118,16,44,24,0.347,0.417,0.763,1.8
Xavier EdwardsMIA,SS,56,205,30,68,0.332,9,2,1,19,84,27,38,26,0.403,0.41,0.812,1.8
Sal FrelickMIL,RF,131,433,62,113,0.261,18,4,2,28,145,39,72,16,0.328,0.335,0.663,1.7
Patrick BaileySF,C,109,363,41,85,0.234,15,1,7,42,123,35,89,3,0.297,0.339,0.636,1.7
Alejandro KirkTOR,C,90,296,21,72,0.243,16,0,5,44,103,30,46,0,0.309,0.348,0.657,1.7
Michael TogliaCOL,1B,101,346,55,75,0.217,11,3,23,50,161,44,125,7,0.305,0.465,0.77,1.7
Alex CallWSH,RF,30,99,15,34,0.343,9,0,3,14,52,12,19,5,0.425,0.525,0.95,1.6
Jeff McNeilNYM,2B,129,424,57,101,0.238,26,0,12,44,163,35,68,5,0.308,0.384,0.692,1.6
Spencer SteerCIN,LF,145,528,68,121,0.229,31,2,19,86,213,67,124,25,0.323,0.403,0.726,1.5
Randal GrichukARI,RF,95,233,33,65,0.279,17,2,9,37,113,18,43,0,0.336,0.485,0.821,1.5
Yandy DiazTB,1B,134,529,51,150,0.284,28,1,14,65,222,45,88,0,0.341,0.42,0.76,1.5
Willi CastroMIN,2B,143,507,80,125,0.247,29,5,11,53,197,47,141,13,0.33,0.389,0.718,1.5
Jacob StallingsCOL,C,74,219,26,57,0.26,14,1,8,34,97,25,58,0,0.356,0.443,0.799,1.5
Spencer HorwitzTOR,2B,83,278,42,77,0.277,18,0,12,35,131,34,56,0,0.363,0.471,0.834,1.5
Jose SiriTB,CF,120,374,46,69,0.184,14,0,17,43,134,31,156,14,0.257,0.358,0.616,1.5
Randy ArozarenaSEA/TB,LF,140,497,71,109,0.219,29,0,19,54,195,63,151,20,0.329,0.392,0.721,1.5
Tyrone TaylorNYM,RF,115,272,41,65,0.239,18,3,6,31,107,15,69,9,0.29,0.393,0.683,1.4
Josh NaylorCLE,1B,138,513,77,125,0.244,25,0,29,101,237,53,93,6,0.321,0.462,0.783,1.4
Jonathan IndiaCIN,2B,137,489,77,119,0.243,26,1,14,54,189,72,119,12,0.349,0.387,0.735,1.4
Trevor LarnachMIN,LF,101,316,52,80,0.253,16,0,15,48,141,35,82,4,0.331,0.446,0.778,1.4
Maikel GarciaKC,3B,142,540,83,128,0.237,25,5,7,55,184,36,92,33,0.282,0.341,0.623,1.4
Ryan O'HearnBAL,1B,128,401,56,103,0.257,18,3,13,53,166,44,60,3,0.331,0.414,0.745,1.4
Masataka YoshidaBOS,LF,96,336,40,96,0.286,19,0,9,49,142,26,49,1,0.356,0.423,0.779,1.4
Kyle IsbelKC,CF,122,349,55,80,0.229,11,7,7,40,126,22,73,9,0.279,0.361,0.64,1.4
Michael MasseyKC,2B,85,286,41,74,0.259,13,2,13,40,130,12,46,1,0.289,0.455,0.744,1.4
Parker MeadowsDET,CF,67,211,32,49,0.232,10,5,7,25,90,22,61,9,0.306,0.427,0.733,1.4
David FryCLE,C,113,321,43,83,0.259,16,1,14,48,143,41,79,4,0.356,0.445,0.801,1.4
Ozzie AlbiesATL,2B,90,361,47,93,0.258,28,1,8,46,147,24,61,8,0.31,0.407,0.717,1.4
Jared TrioloPIT,2B,110,344,37,73,0.212,10,1,8,42,109,40,98,7,0.298,0.317,0.615,1.4
Nolan SchanuelLAA,1B,135,478,59,118,0.247,17,0,13,49,174,64,97,6,0.342,0.364,0.706,1.4
George SpringerTOR,RF,134,502,69,111,0.221,18,2,19,56,190,56,107,14,0.306,0.378,0.684,1.3
Oswaldo CabreraNYY,3B,99,277,43,68,0.245,10,0,8,35,102,20,55,4,0.296,0.368,0.664,1.3
Andrew McCutchenPIT,RF,109,407,64,98,0.241,16,1,20,50,176,54,119,3,0.338,0.432,0.771,1.3
Travis d'ArnaudATL,C,90,274,38,67,0.245,16,0,14,46,125,20,76,1,0.306,0.456,0.762,1.3
Andy IbanezDET,2B,86,198,26,51,0.258,8,1,5,32,76,12,55,2,0.304,0.384,0.688,1.3
Kyle HigashiokaSD,C,73,215,27,48,0.223,9,1,16,43,107,13,67,1,0.266,0.498,0.764,1.3
Miguel AmayaCHC,C,104,294,27,67,0.228,12,1,7,41,102,19,58,0,0.282,0.347,0.629,1.3
Vinnie PasquantinoKC,1B,131,496,64,130,0.262,30,2,19,97,221,40,71,1,0.315,0.446,0.76,1.3
Gleyber TorresNYY,2B,140,525,68,131,0.25,22,0,13,56,192,61,123,4,0.327,0.366,0.692,1.2
Paul DeJongCHW/KC,SS,132,429,53,99,0.231,17,0,24,56,188,22,150,2,0.28,0.438,0.718,1.2
Alec BurlesonSTL,RF,137,496,64,134,0.27,18,0,21,73,215,30,71,9,0.313,0.433,0.747,1.2
Paul GoldschmidtSTL,1B,139,548,62,135,0.246,29,0,21,59,227,42,160,9,0.302,0.414,0.717,1.1
Xander BogaertsSD,2B,97,376,46,99,0.263,13,1,9,37,141,25,68,10,0.307,0.375,0.682,1.1
Romy GonzalezBOS,1B,77,170,21,47,0.276,10,1,4,23,71,12,49,10,0.323,0.418,0.74,1.1
Ramon UriasBAL,3B,93,246,33,62,0.252,9,2,10,35,105,23,51,1,0.327,0.427,0.754,1.1
Taylor WallsTB,SS,73,190,24,34,0.179,5,2,1,13,46,30,58,14,0.287,0.242,0.529,1.1
James WoodWSH,LF,63,234,35,64,0.274,11,3,5,34,96,32,78,12,0.366,0.41,0.776,1.1
Jake RogersDET,C,91,282,40,55,0.195,15,1,10,35,102,19,91,1,0.252,0.362,0.613,1.1
Elias DiazSD/COL,C,88,308,26,83,0.269,19,0,5,36,117,17,64,0,0.314,0.38,0.694,1.1
Zack GelofOAK,2B,123,444,56,93,0.209,17,2,17,45,165,35,168,23,0.271,0.372,0.643,1.1
Michael ConfortoSF,LF,118,393,48,90,0.229,25,3,16,56,169,41,110,0,0.307,0.43,0.737,1.1
Jake MeyersHOU,CF,134,421,47,94,0.223,19,3,12,57,155,30,110,10,0.287,0.368,0.655,1.1
Luis ArraezSD/MIA,1B,137,583,77,185,0.317,25,2,4,42,226,22,26,9,0.35,0.388,0.738,1.1
Max SchuemannOAK,SS,121,362,52,81,0.224,12,0,7,34,114,45,108,14,0.315,0.315,0.63,1.1
Lars NootbaarSTL,RF,94,305,31,75,0.246,16,2,9,36,122,44,69,7,0.339,0.4,0.739,1.1
Stuart FairchildCIN,CF,94,209,33,45,0.215,8,0,8,30,77,17,60,13,0.286,0.368,0.654,1
Mike TroutLAA,CF,29,109,17,24,0.22,1,2,10,14,59,16,27,6,0.325,0.541,0.867,1
Enrique HernandezLAD,3B,113,324,35,70,0.216,15,0,9,33,112,26,71,0,0.272,0.346,0.618,1
Sean MurphyATL,C,64,210,16,43,0.205,4,1,9,22,76,21,58,0,0.286,0.362,0.648,1
Ivan HerreraSTL,C,64,204,30,57,0.279,10,1,3,22,78,20,48,5,0.346,0.382,0.729,1
Alex VerdugoNYY,LF,139,527,69,125,0.237,28,1,12,58,191,47,89,1,0.296,0.362,0.658,1
Ben RortvedtTB,C,102,269,26,62,0.23,13,0,3,30,84,33,82,1,0.321,0.312,0.634,1
J.D. MartinezNYM,DH,110,400,44,99,0.248,23,1,16,69,172,45,132,0,0.33,0.43,0.76,1
Michael SianiSTL,CF,110,263,38,65,0.247,6,2,2,20,81,13,77,17,0.289,0.308,0.597,1
Luis TorrensNYM,C,39,105,14,27,0.257,8,0,3,15,44,8,24,0,0.313,0.419,0.732,0.9
Leo JimenezTOR,SS,51,146,16,33,0.226,10,0,4,17,55,12,51,0,0.335,0.377,0.712,0.9
Max KeplerMIN,RF,105,368,43,93,0.253,21,1,8,42,140,22,80,1,0.302,0.38,0.682,0.9
Harrison BaderNYM,CF,128,370,52,90,0.243,18,0,11,47,141,17,85,16,0.288,0.381,0.669,0.9
Mauricio DubonHOU,LF,123,356,44,95,0.267,23,0,4,44,130,13,50,3,0.293,0.365,0.659,0.9
Josh LoweTB,RF,91,305,32,74,0.243,17,2,9,30,122,27,102,23,0.302,0.4,0.702,0.9
Royce LewisMIN,3B,66,234,34,58,0.248,14,0,16,46,120,22,63,0,0.307,0.513,0.819,0.9
Jorge MateoBAL,2B,68,192,30,44,0.229,14,2,5,18,77,10,48,13,0.267,0.401,0.668,0.9
Jhonkensy NoelCLE,RF,56,153,24,35,0.229,6,0,13,28,80,12,55,0,0.304,0.523,0.827,0.9
Colt KeithDET,2B,134,476,51,124,0.261,15,3,12,55,181,33,101,7,0.311,0.38,0.691,0.9
Justin TurnerSEA/TOR,1B,125,414,53,104,0.251,20,0,10,46,154,53,83,0,0.35,0.372,0.722,0.9
Victor CaratiniHOU,C,73,195,23,53,0.272,7,1,6,22,80,17,39,0,0.335,0.41,0.745,0.9
Jonah HeimTEX,C,119,416,41,90,0.216,11,0,12,53,137,24,81,1,0.263,0.329,0.592,0.9
Zach McKinstryDET,SS,104,274,29,61,0.223,13,4,4,22,94,21,67,14,0.282,0.343,0.625,0.9
Luis Robert Jr.CHW,CF,88,344,40,76,0.221,15,0,14,35,133,24,126,21,0.273,0.387,0.66,0.8
Ke'Bryan HayesPIT,3B,96,365,38,85,0.233,9,0,4,25,106,23,75,11,0.283,0.29,0.573,0.8
Johan RojasPHI,CF,111,316,44,77,0.244,11,2,3,30,101,12,65,23,0.28,0.32,0.6,0.8
Michael A. TaylorPIT,CF,109,267,35,51,0.191,8,1,5,21,76,22,105,12,0.249,0.285,0.534,0.8
Matt ThaissLAA,C,47,128,13,28,0.219,8,0,2,14,42,23,45,3,0.336,0.328,0.664,0.8
Brendan RodgersCOL,2B,126,474,61,128,0.27,25,1,13,50,194,25,123,1,0.311,0.409,0.72,0.8
Bo NaylorCLE,C,110,318,37,66,0.208,10,2,12,38,116,26,109,6,0.27,0.365,0.635,0.8
Jorge PolancoSEA,2B,105,369,40,75,0.203,9,0,14,39,126,43,128,4,0.293,0.341,0.634,0.8
Jason HeywardHOU/LAD,RF,75,194,29,39,0.201,11,2,7,32,75,19,45,4,0.282,0.387,0.668,0.8
Rob RefsnyderBOS,LF,93,271,32,77,0.284,16,1,11,40,128,28,77,2,0.361,0.472,0.833,0.8
Tommy EdmanLAD,SS,21,80,12,24,0.3,2,1,4,13,40,3,16,5,0.321,0.5,0.821,0.8
Vidal BrujanMIA,2B,98,245,32,55,0.224,14,2,2,16,79,25,53,5,0.307,0.322,0.629,0.8
Donovan SolanoSD,3B,82,239,28,69,0.289,9,0,6,31,96,19,52,1,0.347,0.402,0.749,0.7
Pavin SmithARI,RF,46,94,19,25,0.266,6,0,7,27,52,11,17,1,0.336,0.553,0.89,0.7
Joey LoperfidoTOR/HOU,LF,70,213,22,49,0.23,11,4,4,24,80,11,80,3,0.279,0.376,0.655,0.7
Rece HindsCIN,RF,21,44,9,12,0.273,4,1,5,11,33,3,15,2,0.333,0.75,1.083,0.7
Andy PagesLAD,CF,105,374,55,91,0.243,22,1,10,39,145,26,102,1,0.3,0.388,0.688,0.7
Evan CarterTEX,LF,45,144,23,27,0.188,6,2,5,15,52,15,43,2,0.272,0.361,0.633,0.7
Josh JungTEX,3B,42,163,18,45,0.276,5,1,7,15,73,7,44,4,0.308,0.448,0.756,0.7
Jesus SanchezMIA,RF,134,435,50,107,0.246,22,1,17,59,182,33,122,14,0.304,0.418,0.722,0.7
Jarred KelenicATL,LF,127,404,48,94,0.233,18,2,15,44,161,30,129,7,0.285,0.399,0.684,0.7
Danny JansenBOS/TOR,C,85,261,34,55,0.211,13,0,9,24,95,36,57,0,0.31,0.364,0.674,0.7
Jo AdellLAA,RF,130,405,54,84,0.207,15,2,20,62,163,35,126,15,0.28,0.402,0.682,0.7
Connor JoePIT,1B,117,354,49,81,0.229,22,1,9,36,132,41,87,2,0.318,0.373,0.69,0.7
Trey SweeneyDET,SS,22,65,7,15,0.231,2,0,4,12,29,3,15,2,0.275,0.446,0.722,0.7
Orlando ArciaATL,SS,141,496,43,109,0.22,22,0,16,42,179,36,114,2,0.272,0.361,0.633,0.7
Weston WilsonPHI,LF,30,67,11,21,0.313,4,1,3,8,36,5,20,2,0.356,0.537,0.893,0.7
Pedro PagesSTL,C,57,164,17,40,0.244,2,2,6,22,64,10,45,1,0.284,0.39,0.674,0.7
Austin BarnesLAD,C,50,132,10,35,0.265,3,0,1,11,41,13,34,2,0.331,0.311,0.642,0.7
David PeraltaSD,RF,81,209,30,56,0.268,10,0,7,25,87,20,43,2,0.338,0.416,0.754,0.7
Ramon LaureanoATL/CLE,RF,84,228,29,58,0.254,13,0,8,25,95,14,81,7,0.313,0.417,0.73,0.7
Rafael MarchanPHI,C,17,51,8,15,0.294,4,0,3,6,28,3,8,0,0.345,0.549,0.894,0.6
Mark CanhaSF/DET,1B,118,377,45,89,0.236,19,0,7,42,129,50,92,5,0.34,0.342,0.682,0.6
Juan YepezWSH,1B,50,181,23,52,0.287,14,0,5,22,81,15,31,2,0.34,0.448,0.788,0.6
Kevin KiermaierTOR/LAD,CF,106,250,29,48,0.192,8,3,5,24,77,11,83,6,0.231,0.308,0.539,0.6
Nick GonzalesPIT,2B,80,307,36,84,0.274,16,2,5,45,119,13,64,4,0.308,0.388,0.696,0.6
Daniel SchneemannCLE,SS,66,176,15,40,0.227,9,2,5,21,68,22,63,3,0.308,0.386,0.695,0.6
Nathan LukesTOR,RF,8,28,4,10,0.357,1,1,0,4,13,4,4,1,0.424,0.464,0.889,0.6
Abraham ToroOAK,3B,94,337,34,81,0.24,17,1,6,26,118,20,62,4,0.293,0.35,0.643,0.6
Jorge SolerSF/ATL,RF,126,444,72,103,0.232,28,1,17,55,184,63,130,1,0.331,0.414,0.745,0.6
Keibert RuizWSH,C,115,412,45,94,0.228,20,0,13,50,153,15,48,2,0.261,0.371,0.633,0.6
Giancarlo StantonNYY,DH,103,381,44,88,0.231,17,0,25,62,180,31,128,0,0.292,0.472,0.764,0.6
Tyler FreemanCLE,CF,117,330,48,69,0.209,14,1,7,32,106,28,53,11,0.305,0.321,0.626,0.6
Connor NorbyBAL/MIA,2B,30,116,22,30,0.259,8,0,8,18,62,6,39,2,0.293,0.534,0.827,0.6
Kody ClemensPHI,1B,34,98,15,23,0.235,9,1,4,17,46,4,22,0,0.265,0.469,0.734,0.5
Will WagnerTOR,3B,23,77,8,24,0.312,6,0,2,11,36,4,15,0,0.346,0.468,0.813,0.5
Hunter RenfroeKC,RF,108,350,42,84,0.24,18,0,13,50,141,35,73,1,0.312,0.403,0.715,0.5
Dane MyersMIA,RF,40,83,15,22,0.265,5,1,2,14,35,7,32,4,0.337,0.422,0.759,0.5
Wenceel PerezDET,RF,98,348,49,84,0.241,13,5,9,32,134,27,77,9,0.297,0.385,0.682,0.5
Christian BethancourtCHC/MIA,C,54,122,18,26,0.213,7,0,5,22,48,5,32,3,0.25,0.393,0.643,0.5
Mike TauchmanCHC,RF,97,282,49,69,0.245,12,1,6,24,101,41,66,6,0.348,0.358,0.706,0.5
Francisco AlvarezNYM,C,86,270,30,63,0.233,12,2,7,34,100,25,77,1,0.302,0.37,0.672,0.5
Eric HaaseMIL,C,23,50,7,14,0.28,0,0,4,11,26,3,22,0,0.321,0.52,0.841,0.5
Jon BertiNYY,3B,19,55,8,15,0.273,0,0,1,6,18,4,13,4,0.322,0.327,0.649,0.5
Nick FortesMIA,C,98,270,24,62,0.23,14,0,3,25,85,9,36,0,0.262,0.315,0.577,0.5
Ezequiel DuranTEX,3B,81,229,24,57,0.249,9,0,3,19,75,13,53,1,0.291,0.328,0.618,0.5
Jon SingletonHOU,1B,111,331,45,79,0.239,10,1,13,38,130,42,103,0,0.322,0.393,0.715,0.5
Ty FranceSEA/CIN,1B,126,430,42,105,0.244,22,0,12,45,163,36,104,1,0.32,0.379,0.699,0.5
Leo RivasSEA,SS,36,68,9,17,0.25,1,1,0,8,20,9,23,3,0.346,0.294,0.64,0.5
Jonathan OrnelasTEX,3B,13,23,1,4,0.174,2,0,0,1,6,2,8,0,0.24,0.261,0.501,0.5
Brett BatyNYM,3B,50,153,15,35,0.229,3,0,4,16,50,16,42,0,0.306,0.327,0.633,0.5
Ryan BlissSEA,2B,33,63,10,14,0.222,3,1,2,9,25,5,22,5,0.29,0.397,0.687,0.5
Jonny DeLucaTB,RF,97,302,28,65,0.215,12,4,6,31,103,23,72,16,0.277,0.341,0.618,0.5
Austin WynnsCIN,C,7,19,3,7,0.368,4,0,0,2,11,0,5,0,0.4,0.579,0.979,0.4
Junior CamineroTB,SS,29,109,11,26,0.239,3,1,3,12,40,11,26,2,0.314,0.367,0.681,0.4
Starling MarteNYM,RF,82,301,40,80,0.266,12,2,7,34,117,19,74,15,0.312,0.389,0.7,0.4
Jose TrevinoNYY,C,68,192,24,43,0.224,5,0,8,28,72,18,37,1,0.294,0.375,0.669,0.4
Santiago EspinalCIN,3B,106,316,30,84,0.266,12,0,9,45,123,21,48,10,0.312,0.389,0.701,0.4
Anthony RendonLAA,3B,57,206,21,45,0.218,10,0,0,14,55,23,35,6,0.307,0.267,0.574,0.4
Gary SanchezMIL,C,79,218,27,49,0.225,7,1,10,35,88,24,67,0,0.313,0.404,0.717,0.4
Yoan MoncadaCHW,3B,11,39,4,11,0.282,3,1,0,0,16,5,10,1,0.364,0.41,0.774,0.4
Garrett HampsonKC,CF,102,199,15,46,0.231,13,1,0,15,61,11,53,7,0.27,0.307,0.577,0.4
Drew MillasWSH,C,15,41,6,11,0.268,1,0,1,1,15,3,10,3,0.318,0.366,0.684,0.4
Nasim NunezWSH,SS,37,29,13,10,0.345,1,0,0,1,11,6,6,5,0.457,0.379,0.836,0.4
Adolis GarciaTEX,RF,141,530,62,116,0.219,25,0,22,75,207,41,159,11,0.28,0.391,0.67,0.4
Jake FraleyCIN,RF,103,310,40,86,0.277,17,2,4,24,119,22,65,20,0.329,0.384,0.713,0.4
Angel MartinezCLE,CF,31,110,12,26,0.236,6,0,3,9,41,12,23,2,0.306,0.373,0.679,0.4
Garrett StubbsPHI,C,51,155,17,32,0.206,4,1,1,10,41,16,47,5,0.295,0.265,0.56,0.4
Lane ThomasCLE/WSH,RF,116,422,58,104,0.246,25,3,11,57,168,41,122,32,0.32,0.398,0.718,0.4
Carson KellyTEX/DET,C,83,252,29,62,0.246,8,1,8,36,96,24,51,0,0.325,0.381,0.706,0.3
Joey GalloWSH,1B,63,185,20,29,0.157,9,0,6,17,56,29,86,3,0.283,0.303,0.586,0.3
Miguel AndujarOAK,LF,75,302,31,86,0.285,14,1,4,30,114,13,42,3,0.32,0.377,0.697,0.3
Eguy RosarioSD,3B,30,53,5,13,0.245,6,0,3,6,28,2,20,0,0.286,0.528,0.814,0.3
Kevin PillarLAA/CHW,CF,93,260,34,63,0.242,16,1,7,44,102,13,60,10,0.298,0.392,0.691,0.3
Heston KjerstadBAL,LF,28,69,6,18,0.261,2,0,3,12,29,9,24,1,0.37,0.42,0.791,0.3
Kyle McCannOAK,C,48,128,13,32,0.25,4,0,5,15,51,15,54,0,0.333,0.398,0.732,0.3
Eli WhiteATL,LF,21,27,6,8,0.296,1,1,1,4,14,1,8,1,0.345,0.519,0.863,0.3
Jose TenaCLE/WSH,3B,29,104,10,32,0.308,5,0,2,12,43,5,25,3,0.339,0.413,0.753,0.3
Jake BurgerMIA,3B,122,472,60,115,0.244,19,1,25,61,211,29,133,1,0.298,0.447,0.745,0.3
Luis UriasSEA,3B,36,86,10,15,0.174,6,0,4,16,33,8,33,0,0.283,0.384,0.667,0.3
Tucker BarnhartARI,C,31,81,13,14,0.173,3,0,0,6,17,13,31,1,0.287,0.21,0.497,0.3
Travis JankowskiTEX,RF,96,172,17,36,0.209,3,0,1,11,42,10,40,11,0.269,0.244,0.513,0.3
Dairon BlancoKC,LF,82,117,36,31,0.265,4,0,4,13,47,8,32,29,0.315,0.402,0.717,0.3
Grant McCraySF,CF,23,82,7,18,0.22,3,1,5,9,38,3,35,3,0.247,0.463,0.71,0.3
Griffin ConineMIA,RF,16,45,9,12,0.267,2,1,1,4,19,4,16,0,0.34,0.422,0.762,0.3
Jacob AmayaCHW/HOU,2B,12,33,2,8,0.242,1,0,0,2,9,3,12,1,0.306,0.273,0.578,0.3
Jerar EncarnacionSF,RF,24,79,9,22,0.278,4,0,4,16,38,4,25,1,0.31,0.481,0.791,0.3
Andres ChaparroWSH,3B,26,96,11,23,0.24,10,0,4,14,45,6,19,1,0.305,0.469,0.774,0.3
Blake SabolSF,C,11,32,3,10,0.313,2,0,0,1,12,5,9,0,0.421,0.375,0.796,0.3
Curt CasaliSF,C,35,93,11,17,0.183,3,0,1,6,23,11,20,0,0.283,0.247,0.53,0.2
Luis GuillormeLAA/ATL/ARI,2B,75,156,14,33,0.212,9,1,0,10,44,21,34,3,0.302,0.282,0.584,0.2
Zach RemillardCHW,2B,15,33,3,8,0.242,1,1,0,1,11,5,10,1,0.342,0.333,0.675,0.2
Brooks LeeMIN,3B,37,135,9,30,0.222,4,0,3,18,43,9,22,3,0.267,0.319,0.586,0.2
TJ FriedlCIN,CF,72,254,30,54,0.213,5,1,11,48,94,20,47,9,0.294,0.37,0.664,0.2
Nolan GormanSTL,2B,107,365,42,74,0.203,15,0,19,50,146,34,151,6,0.271,0.4,0.671,0.2
Buddy KennedyPHI/DET,2B,10,14,3,3,0.214,0,0,1,5,6,4,6,1,0.368,0.429,0.797,0.2
Addison BargerTOR,RF,55,170,19,35,0.206,11,0,7,27,67,7,50,1,0.24,0.394,0.634,0.2
James McCannBAL,C,59,195,24,43,0.221,8,0,5,22,66,11,50,1,0.265,0.338,0.604,0.2
Andruw MonasterioMIL,3B,54,115,14,25,0.217,5,0,1,14,33,16,33,6,0.318,0.287,0.605,0.2
Luke WilliamsATL,LF,34,46,8,9,0.196,3,0,0,4,12,4,13,3,0.275,0.261,0.535,0.2
David DahlPHI,LF,19,58,6,12,0.207,2,0,3,8,23,3,21,0,0.242,0.397,0.638,0.2
Oliver DunnMIL,3B,41,95,11,21,0.221,2,2,1,7,30,6,40,3,0.282,0.316,0.597,0.2
Whit MerrifieldPHI/ATL,LF,87,267,40,58,0.217,8,3,4,14,84,34,44,16,0.313,0.315,0.627,0.2
Leody TaverasTEX,CF,137,434,52,97,0.224,17,3,9,39,147,38,98,19,0.284,0.339,0.622,0.2
Diego CastilloMIN,SS,4,6,3,2,0.333,1,0,0,2,3,2,1,0,0.5,0.5,1,0.2
Riley AdamsWSH,C,41,116,10,26,0.224,5,1,2,8,39,10,35,1,0.292,0.336,0.629,0.2
Dominic CanzoneSEA,RF,67,168,20,33,0.196,7,0,8,17,64,18,53,1,0.271,0.381,0.652,0.2
Brooks BaldwinCHW,2B,33,114,9,24,0.211,6,0,2,8,36,6,31,4,0.25,0.316,0.566,0.2
Yasmani GrandalPIT,C,65,196,21,43,0.219,10,0,7,24,74,20,40,1,0.29,0.378,0.668,0.2
Reese McGuireBOS,C,53,139,10,29,0.209,3,0,3,18,41,13,39,3,0.28,0.295,0.575,0.2
Jonathan ArandaTB,1B,29,79,14,18,0.228,6,0,2,7,30,8,22,0,0.303,0.38,0.683,0.2
Dominic FletcherCHW,CF,60,180,13,39,0.217,8,0,1,15,50,9,48,0,0.266,0.278,0.543,0.2
Chadwick TrompATL,C,19,52,3,13,0.25,6,0,0,6,19,1,17,0,0.259,0.365,0.625,0.2
Ben GamelHOU/NYM,RF,37,79,22,20,0.253,4,0,1,4,27,18,23,1,0.392,0.342,0.734,0.2
Adrian Del CastilloARI,C,23,75,11,22,0.293,4,0,4,17,38,7,28,1,0.354,0.507,0.86,0.2
Brett WiselySF,SS,78,222,21,53,0.239,13,1,3,24,77,12,58,2,0.282,0.347,0.628,0.2
Sam HilliardCOL,LF,47,104,21,25,0.24,4,1,7,21,52,9,39,4,0.296,0.5,0.796,0.2
Nick LoftinKC,2B,56,148,15,28,0.189,4,0,1,14,35,19,24,1,0.282,0.236,0.519,0.2
Amed RosarioCIN/LAD/TB,2B,100,325,29,93,0.286,18,3,3,32,126,9,70,13,0.313,0.388,0.7,0.1
Adam FrazierKC,2B,95,240,30,49,0.204,10,0,3,19,68,19,51,2,0.282,0.283,0.565,0.1
Edouard JulienMIN,2B,87,245,35,53,0.216,9,0,8,21,86,32,94,6,0.309,0.351,0.66,0.1
Steward BerroaTOR,RF,24,33,7,5,0.152,1,0,0,1,6,8,13,5,0.317,0.182,0.499,0.1
Gio UrshelaATL/DET,3B,112,372,28,90,0.242,14,1,5,42,121,21,58,0,0.281,0.325,0.606,0.1
Korey LeeCHW,C,115,349,33,73,0.209,13,1,10,32,118,15,114,5,0.242,0.338,0.58,0.1
Jung Hoo LeeSF,CF,37,145,15,38,0.262,4,0,2,8,48,10,13,2,0.31,0.331,0.641,0.1
Robbie GrossmanTEX/CHW/KC,RF,77,187,20,43,0.23,8,0,3,14,60,31,48,3,0.339,0.321,0.66,0.1
Trent GrishamNYY,CF,71,166,20,31,0.187,8,0,8,28,63,22,51,1,0.294,0.38,0.673,0.1
Nick AllenOAK,SS,34,82,6,14,0.171,2,0,1,4,19,5,19,0,0.218,0.232,0.45,0.1
Cesar SalazarHOU,C,10,23,5,7,0.304,2,0,0,8,9,2,5,0,0.379,0.391,0.771,0.1
Billy CookPIT,3B,3,11,0,2,0.182,1,0,0,2,3,0,3,0,0.182,0.273,0.455,0.1
Seth BrownOAK,LF,111,329,29,79,0.24,10,1,14,44,133,25,101,4,0.297,0.404,0.701,0.1
Austin HaysPHI/BAL,LF,82,224,25,57,0.254,18,0,4,19,87,9,56,2,0.305,0.388,0.693,0.1
Bligh MadrisDET,1B,21,67,8,18,0.269,3,0,1,5,24,6,20,0,0.324,0.358,0.683,0.1
Michael HelmanMIN,2B,7,8,2,3,0.375,2,0,0,0,5,0,3,0,0.375,0.625,1,0.1
Carlos NarvaezNYY,C,6,13,0,3,0.231,0,0,0,0,3,2,6,0,0.333,0.231,0.564,0.1
Ryan McKennaBAL/SF,RF,13,14,4,3,0.214,0,0,2,2,9,1,5,1,0.267,0.643,0.91,0.1
Brian ServenTOR,C,27,61,6,10,0.164,4,0,0,3,14,5,20,0,0.25,0.23,0.48,0.1
Jonah BrideMIA,1B,56,174,19,45,0.259,7,0,6,27,70,25,42,0,0.353,0.402,0.755,0.1
Dylan CrewsWSH,CF,15,58,7,14,0.241,3,0,3,8,26,6,12,6,0.308,0.448,0.756,0.1
Tyler HeinemanBOS,C,2,2,0,0,0,0,0,0,0,0,0,1,0,0.333,0,0.333,0.1
Jose DeversMIA,SS,3,4,1,1,0.25,0,0,0,0,1,0,1,0,0.25,0.25,0.5,0.1
Yuli GurrielKC,1B,5,12,1,3,0.25,1,0,0,2,4,1,4,0,0.286,0.333,0.619,0.1
Alexander CanarioCHC,LF,15,25,4,7,0.28,1,0,1,2,11,2,11,1,0.357,0.44,0.797,0.1
Jason DelayPIT,C,7,15,1,3,0.2,3,0,0,6,6,3,0,0,0.333,0.4,0.733,0.1
Austin ShentonTB,1B,18,39,3,8,0.205,5,0,1,3,16,7,13,0,0.326,0.41,0.736,0.1
Greg JonesCOL,RF,6,5,1,1,0.2,0,0,1,1,4,1,4,0,0.333,0.8,1.133,0.1
Ehire AdrianzaLAA,3B,8,26,4,5,0.192,1,0,1,2,9,2,11,0,0.25,0.346,0.596,0.1
Luis De Los SantosTOR,3B,7,16,1,4,0.25,1,0,0,1,5,2,5,0,0.333,0.313,0.646,0.1
Triston CasasBOS,1B,48,162,20,39,0.241,6,0,8,20,69,22,61,0,0.335,0.426,0.761,0.1
Nick SogardBOS,2B,21,56,11,14,0.25,1,0,0,7,15,5,22,3,0.306,0.268,0.574,0.1
Christian VazquezMIN,C,85,267,27,62,0.232,10,0,7,27,93,10,58,3,0.259,0.348,0.607,0.1
David BoteCHC,3B,37,46,4,14,0.304,4,0,0,6,18,2,13,0,0.333,0.391,0.725,0.1
Charles LeblancLAA,3B,6,12,3,2,0.167,0,0,1,3,5,3,5,0,0.333,0.417,0.75,0.1
Andrew VaughnCHW,1B,135,513,51,125,0.244,29,0,17,63,205,36,120,2,0.297,0.4,0.697,0.1
Oswald PerazaNYY,3B,4,10,2,2,0.2,0,0,1,1,5,1,3,0,0.273,0.5,0.773,0.1
Bryan RamosCHW,3B,19,57,7,12,0.211,2,0,1,4,17,2,11,0,0.233,0.298,0.532,0.1
Estevan FlorialCLE,LF,36,98,11,17,0.173,6,2,3,11,36,11,41,2,0.264,0.367,0.631,0.1
Matthew BattenSD,2B,1,3,0,1,0.333,0,1,0,0,3,0,0,0,0.333,1,1.333,0.1
Shay WhitcombHOU,SS,17,36,1,8,0.222,3,0,0,4,11,5,8,0,0.317,0.306,0.623,0.1
Oscar ColasCHW,RF,13,33,1,9,0.273,0,0,0,4,9,4,10,0,0.368,0.273,0.641,0.1
David FletcherATL,2B,5,8,0,2,0.25,0,0,0,2,2,0,1,0,0.222,0.25,0.472,0
Tyler NevinOAK,3B,77,219,20,43,0.196,8,0,7,18,72,24,58,1,0.287,0.329,0.616,0
Trey LipscombWSH,3B,58,184,20,38,0.207,3,0,1,10,44,16,38,11,0.276,0.239,0.515,0
Forrest WallATL/MIA,CF,16,32,4,8,0.25,0,0,0,1,8,3,8,4,0.314,0.25,0.564,0
Ronald Acuna Jr.ATL,RF,49,192,38,48,0.25,8,1,4,15,70,27,53,16,0.351,0.365,0.716,0
J.P. MartinezATL,RF,7,10,2,2,0.2,1,0,0,0,3,0,4,1,0.2,0.3,0.5,0
Cade MarloweSEA,LF,8,8,1,2,0.25,0,0,0,0,2,1,1,0,0.333,0.25,0.583,0
David VillarSF,2B,11,35,3,9,0.257,4,0,1,4,16,1,13,0,0.27,0.457,0.727,0
Patrick WisdomCHC,1B,65,133,15,26,0.195,7,2,7,22,58,9,50,5,0.265,0.436,0.701,0
Derek HillTEX/SF/MIA,LF,46,143,18,34,0.238,4,1,7,24,61,4,48,6,0.262,0.427,0.688,0
Jordyn AdamsLAA,CF,3,10,1,3,0.3,0,0,1,2,6,0,4,0,0.3,0.6,0.9,0
Jorge BarrosaARI,LF,8,17,3,3,0.176,2,0,0,1,5,0,2,1,0.176,0.294,0.471,0
Thomas SaggeseSTL,2B,3,11,2,2,0.182,0,0,0,1,2,0,3,0,0.182,0.182,0.364,0
David RobertsonTEX,RP,60,0,0,0,0,0,0,0,0,0,0,0,0,0,0,0,0
Kenley JansenBOS,RP,51,0,0,0,0,0,0,0,0,0,0,0,0,0,0,0,0
Tommy PhamSTL/CHW/KC,LF,103,380,45,99,0.261,19,2,9,36,149,35,88,7,0.325,0.392,0.717,0
Kirby YatesTEX,RP,56,0,0,0,0,0,0,0,0,0,0,0,0,0,0,0,0
Chris MartinBOS,RP,40,0,0,0,0,0,0,0,0,0,0,0,0,0,0,0,0
Derek LawWSH,RP,67,0,0,0,0,0,0,0,0,0,0,0,0,0,0,0,0
Austin VothSEA,RP,64,0,0,0,0,0,0,0,0,0,0,0,0,0,0,0,0
Eddy AlvarezNYM,2B,3,2,2,0,0,0,0,0,0,0,0,1,0,0,0,0,0
Pedro AvilaSD/CLE,RP,51,0,0,0,0,0,0,0,0,0,0,0,0,0,0,0,0
David BanuelosBAL,C,1,1,0,0,0,0,0,0,0,0,0,0,0,0,0,0,0
Trevor MegillMIL,RP,42,0,0,0,0,0,0,0,0,0,0,0,0,0,0,0,0
Orelvis MartinezTOR,SS,1,3,0,1,0.333,0,0,0,0,1,0,1,0,0.333,0.333,0.667,0
Hunter FeducciaLAD,C,2,3,0,1,0.333,0,0,0,0,1,1,1,0,0.5,0.333,0.833,0
Cal StevensonPHI,CF,12,14,2,4,0.286,2,0,0,3,6,2,1,0,0.375,0.429,0.804,0
Michael James HelmanMIN,2B,7,8,2,3,0.375,2,0,0,0,5,0,3,0,0.375,0.625,1,0
Bryce JohnsonSD,RF,47,63,9,13,0.206,2,0,0,4,15,7,12,1,0.286,0.238,0.524,0
DaShawn Keirsey Jr.MIN,CF,4,10,0,1,0.1,0,0,0,0,1,0,1,0,0.182,0.1,0.282,0
Isaac Michael CollinsMIL,2B,2,5,0,1,0.2,0,0,0,0,1,0,1,1,0.2,0.2,0.4,0
Nicholas John SogardBOS,SS,21,56,11,14,0.25,1,0,0,7,15,5,22,3,0.306,0.268,0.574,0
Eric YangCIN,C,1,1,0,0,0,0,0,0,0,0,0,1,0,0,0,0,0
Josh WinckowskiBOS,RP,34,0,0,0,0,0,0,0,0,0,0,0,0,0,0,0,0
Luis MatosSF,CF,44,148,14,32,0.216,5,0,5,25,52,5,24,0,0.24,0.351,0.592,0
Shay Lane WhitcombHOU,SS,17,36,1,8,0.222,3,0,0,4,11,5,8,0,0.317,0.306,0.623,0
Scott McGoughARI,RP,2,1,0,0,0,0,0,0,0,0,0,1,0,0,0,0,0
Luis CastilloSEA,SP,1,1,0,0,0,0,0,0,0,0,0,1,0,0,0,0,0
Miles MastrobuoniCHC,SS,46,94,9,19,0.202,3,0,0,4,22,7,15,2,0.255,0.234,0.489,0
Alek ThomasARI,CF,37,94,12,18,0.191,5,1,3,17,34,7,17,4,0.248,0.362,0.609,0
Luken BakerSTL,1B,13,23,3,4,0.174,1,0,2,9,11,7,9,1,0.344,0.478,0.822,0
Rob BrantlyTB,C,3,9,0,1,0.111,0,0,0,0,1,0,2,0,0.111,0.111,0.222,0
Trevor StoryBOS,SS,13,49,2,10,0.204,3,0,0,5,13,4,15,2,0.264,0.265,0.529,0
Nicky LopezCHW,2B,117,374,39,90,0.241,12,3,1,18,111,34,63,5,0.311,0.297,0.607,0
Brett SullivanSD,C,7,16,1,3,0.188,0,0,1,2,6,1,4,0,0.235,0.375,0.61,0
Sam HuffTEX,C,3,3,0,0,0,0,0,0,0,0,1,2,0,0.25,0,0.25,0
Drew WatersKC,RF,7,16,2,3,0.188,1,0,0,1,4,2,6,0,0.316,0.25,0.566,0
Aramis GarciaPHI,C,2,6,0,0,0,0,0,0,0,0,0,2,0,0,0,0,0
Jahmai JonesNYY,CF,33,42,8,10,0.238,1,1,1,4,16,2,16,1,0.304,0.381,0.685,0
Chris RollerMIL,RF,1,1,0,0,0,0,0,0,0,0,0,1,0,0,0,0,0
Billy McKinneyPIT,LF,10,25,4,5,0.2,1,0,0,2,6,2,13,0,0.286,0.24,0.526,0
Blaze AlexanderARI,SS,61,166,19,41,0.247,7,0,3,21,57,15,49,3,0.321,0.343,0.664,0
Aaron SchunkCOL,3B,30,66,7,12,0.182,3,0,1,3,18,4,23,0,0.229,0.273,0.501,0
Niko KavadasLAA,1B,18,58,7,12,0.207,1,0,3,6,22,7,24,1,0.292,0.379,0.672,0
Darren BakerWSH,2B,3,4,0,1,0.25,0,0,0,0,1,0,2,0,0.25,0.25,0.5,0
Alika WilliamsPIT,2B,37,87,13,18,0.207,4,2,0,5,26,3,22,1,0.242,0.299,0.541,0
Rowdy TellezPIT,1B,124,365,38,91,0.249,17,0,13,54,147,28,84,1,0.303,0.403,0.705,-0.1
Samad TaylorSEA,2B,3,5,2,2,0.4,0,0,0,0,2,0,1,0,0.4,0.4,0.8,-0.1
Tristan GrayOAK/MIA,3B,15,28,0,3,0.107,1,0,0,0,4,3,16,0,0.194,0.143,0.336,-0.1
Nick CastellanosPHI,RF,146,552,69,135,0.245,27,3,20,80,228,38,126,5,0.304,0.413,0.717,-0.1
Andrew KnappSF,C,3,6,0,1,0.167,0,0,0,0,1,0,2,0,0.167,0.167,0.333,-0.1
Conner CapelCIN,LF,5,8,1,2,0.25,0,0,0,0,2,0,2,1,0.25,0.25,0.5,-0.1
Javier SanojaMIA,CF,6,14,3,3,0.214,1,0,0,2,4,1,1,0,0.267,0.286,0.552,-0.1
Matt CarpenterSTL,DH,54,127,15,30,0.236,6,0,4,15,48,14,46,0,0.317,0.378,0.695,-0.1
Jamie WestbrookBOS,2B,21,40,4,6,0.15,2,0,2,7,14,4,14,0,0.234,0.35,0.584,-0.1
Luis VazquezCHC,SS,8,3,2,0,0,0,0,0,1,0,0,1,0,0.2,0,0.2,-0.1
Livan SotoBAL/CIN,SS,7,4,0,0,0,0,0,0,0,0,1,2,0,0.2,0,0.2,-0.1
Mickey GasperBOS,C,10,12,0,0,0,0,0,0,0,0,3,5,0,0.25,0,0.25,-0.1
Mitch HanigerSEA,RF,115,365,41,76,0.208,12,0,12,44,124,38,118,0,0.286,0.34,0.625,-0.1
Zack ShortBOS/ATL/NYM,3B,42,70,11,9,0.129,3,0,0,5,12,14,24,2,0.282,0.171,0.454,-0.1
Mason McCoySD,SS,18,49,7,10,0.204,2,0,0,3,12,5,19,1,0.278,0.245,0.523,-0.1
Sandro FabianTEX,OF,2,3,0,0,0,0,0,0,0,0,0,0,0,0,0,0,-0.1
Tyler BlackMIL,3B,18,49,4,10,0.204,2,0,0,2,12,7,17,3,0.316,0.245,0.561,-0.1
Tyler SoderstromOAK,1B,49,146,12,32,0.219,6,0,7,20,59,16,45,0,0.307,0.404,0.711,-0.1
Duke EllisCHW/NYY,CF,11,5,1,1,0.2,0,0,0,0,1,0,2,5,0.2,0.2,0.4,-0.1
Davis WendzelTEX,3B,27,47,2,6,0.128,2,0,1,2,11,1,12,0,0.163,0.234,0.397,-0.1
Trey CabbageHOU,RF,45,86,12,18,0.209,8,0,1,8,29,4,34,1,0.253,0.337,0.59,-0.1
Logan DriscollTB,C,5,14,1,3,0.214,0,0,0,3,3,0,0,0,0.2,0.214,0.414,-0.1
Harold RamirezTB/WSH,RF,73,238,28,62,0.261,7,1,2,29,77,5,50,6,0.28,0.324,0.604,-0.1
Edwin RiosCIN,1B,5,9,1,1,0.111,0,0,0,0,1,1,4,0,0.2,0.111,0.311,-0.1
Nick MatonBAL,3B,4,5,0,0,0,0,0,0,0,0,0,2,0,0,0,0,-0.1
Christopher MorelCHC/TB,3B,139,498,55,98,0.197,11,3,21,57,178,59,149,8,0.292,0.357,0.65,-0.1
Joey WendleNYM,2B,18,36,3,8,0.222,1,0,0,1,9,1,9,1,0.243,0.25,0.493,-0.1
Grant KochPIT,C,3,7,1,0,0,0,0,0,0,0,1,6,0,0.125,0,0.125,-0.1
Jair CamargoMIN,C,5,6,1,0,0,0,0,0,0,0,1,3,0,0.143,0,0.143,-0.1
Michael StefanicLAA,2B,31,95,6,21,0.221,3,0,0,6,24,8,17,0,0.302,0.253,0.555,-0.1
Isaac CollinsMIL,LF,2,5,0,1,0.2,0,0,0,0,1,0,1,1,0.2,0.2,0.4,-0.1
Jacob HurtubiseCIN,LF,29,54,7,10,0.185,1,1,0,4,13,6,18,2,0.297,0.241,0.538,-0.1
Miguel SanoLAA,3B,28,83,9,17,0.205,3,0,2,6,26,9,36,0,0.295,0.313,0.608,-0.1
Dominic SmithBOS/CIN,1B,93,275,33,64,0.233,22,0,6,34,104,28,76,1,0.313,0.378,0.691,-0.1
Jason VoslerSEA,3B,10,28,2,5,0.179,1,1,0,3,8,2,9,0,0.233,0.286,0.519,-0.1
Rene PintoTB,C,19,42,5,9,0.214,3,0,2,6,18,4,18,0,0.292,0.429,0.72,-0.1
Cooper HummelHOU,LF,6,8,0,0,0,0,0,0,0,0,0,2,1,0,0,0,-0.1
Vinny CapraMIL,3B,3,9,1,1,0.111,1,0,0,0,2,0,3,0,0.111,0.222,0.333,-0.1
Tyler GentryKC,RF,3,5,0,0,0,0,0,0,0,0,0,2,0,0,0,0,-0.1
Eric WagamanLAA,1B,2,5,0,0,0,0,0,0,0,0,0,2,0,0,0,0,-0.1
Jhonny PeredaMIA,C,13,22,1,6,0.273,0,0,0,3,6,0,4,0,0.304,0.273,0.577,-0.1
Brian AndersonATL,RF,3,5,0,0,0,0,0,0,0,0,0,2,0,0,0,0,-0.2
Tony KempBAL,2B,5,9,1,0,0,0,0,0,0,0,1,1,0,0.1,0,0.1,-0.2
Jared WalshTEX,1B,17,53,9,12,0.226,2,0,1,7,17,7,21,0,0.317,0.321,0.637,-0.2
Esteury RuizOAK,LF,29,55,10,11,0.2,2,1,2,8,21,4,20,5,0.27,0.382,0.652,-0.2
Jasson DominguezNYY,CF,4,14,1,2,0.143,0,0,0,0,2,1,7,1,0.2,0.143,0.343,-0.2
Jackson HollidayBAL,2B,49,168,25,29,0.173,3,2,5,21,51,10,62,4,0.227,0.304,0.53,-0.2
Daz CameronOAK,RF,56,151,20,29,0.192,5,0,5,15,49,13,46,5,0.257,0.325,0.582,-0.2
Mickey MoniakLAA,CF,116,368,44,83,0.226,16,2,13,48,142,18,105,7,0.267,0.386,0.653,-0.2
Cavan BiggioTOR/ATL/LAD,2B,75,186,26,36,0.194,5,0,5,19,56,24,71,2,0.312,0.301,0.613,-0.2
Marco LucianoSF,SS,24,67,10,16,0.239,5,1,0,3,23,4,23,0,0.282,0.343,0.625,-0.2
Brewer HicklenMIL,RF,3,5,0,0,0,0,0,0,0,0,0,4,1,0,0,0,-0.2
Jakson ReetzSF,C,6,14,1,2,0.143,1,0,1,1,6,1,5,0,0.2,0.429,0.629,-0.2
Charlie BlackmonCOL,RF,111,405,50,101,0.249,21,4,9,45,157,36,76,6,0.318,0.388,0.706,-0.2
Ildemaro VargasWSH,2B,88,253,21,65,0.257,16,0,1,29,84,17,29,8,0.304,0.332,0.636,-0.2
Austin SlaterBAL/SF/CIN,RF,75,162,22,34,0.21,4,0,2,18,44,25,54,3,0.327,0.272,0.598,-0.2
Levi JordanCIN,2B,7,10,1,1,0.1,1,0,0,1,2,0,3,0,0.091,0.2,0.291,-0.2
Jose HerreraARI,C,34,77,9,18,0.234,3,1,0,12,23,7,20,0,0.294,0.299,0.593,-0.2
Joey WiemerCIN/MIL,LF,21,26,2,4,0.154,0,0,0,0,4,2,9,1,0.214,0.154,0.368,-0.2
Jonatan ClaseSEA,LF,19,41,4,8,0.195,1,0,0,3,9,2,14,3,0.233,0.22,0.452,-0.2
Avisail GarciaMIA,RF,18,50,4,12,0.24,1,0,2,2,19,1,13,0,0.255,0.38,0.635,-0.2
Kyle ManzardoCLE,1B,41,112,6,26,0.232,12,0,2,10,44,5,32,0,0.269,0.393,0.662,-0.2
Nick AhmedSF/LAD,SS,69,203,19,47,0.232,6,1,2,17,61,11,49,2,0.271,0.3,0.571,-0.2
Jacob WilsonOAK,SS,15,47,7,12,0.255,2,1,0,2,16,3,6,0,0.294,0.34,0.635,-0.2
Rafael OrtegaCHW,CF,14,14,4,1,0.071,0,0,0,1,1,2,4,2,0.176,0.071,0.248,-0.2
CJ AlexanderKC,1B,4,8,0,1,0.125,0,0,0,0,1,0,3,0,0.125,0.125,0.25,-0.2
David HensleyMIA,LF,21,50,9,11,0.22,1,0,1,3,15,6,17,1,0.304,0.3,0.604,-0.2
Mitch GarverSEA,DH,106,340,34,57,0.168,17,0,12,46,110,52,124,0,0.289,0.324,0.612,-0.2
Alex JacksonTB,C,58,139,17,17,0.122,7,0,3,12,33,12,53,1,0.201,0.237,0.439,-0.2
Taylor TrammellLAD/NYY,LF,10,7,2,1,0.143,0,0,0,0,1,1,3,0,0.25,0.143,0.393,-0.2
Bryce TeodosioLAA,CF,4,12,1,1,0.083,0,0,0,0,1,0,5,0,0.083,0.083,0.167,-0.2
Drew RomoCOL,C,13,46,4,8,0.174,3,0,0,6,11,2,17,0,0.208,0.239,0.447,-0.2
Brandon CrawfordSTL,SS,28,71,5,12,0.169,5,0,1,4,20,8,26,0,0.263,0.282,0.544,-0.2
Joshua PalaciosPIT,RF,20,61,8,14,0.23,1,0,2,7,21,7,10,0,0.319,0.344,0.663,-0.2
Trenton BrooksSF,1B,12,25,3,3,0.12,0,0,0,1,3,4,6,1,0.241,0.12,0.361,-0.3
Sam HaggertySEA,LF,8,15,1,1,0.067,0,0,0,1,1,1,4,1,0.125,0.067,0.192,-0.3
Bubba ThompsonCIN,CF,17,18,5,2,0.111,1,0,0,0,3,0,11,5,0.111,0.167,0.278,-0.3
Jake CaveCOL,RF,113,289,37,75,0.26,12,4,7,37,116,16,86,5,0.298,0.401,0.699,-0.3
Willie CalhounLAA,1B,68,229,26,56,0.245,16,0,5,20,87,23,31,0,0.315,0.38,0.695,-0.3
Ben RiceNYY,1B,49,149,20,26,0.174,6,0,7,23,53,20,46,0,0.269,0.356,0.624,-0.3
Jake BauersMIL,1B,102,268,42,52,0.194,9,2,11,40,98,37,106,11,0.303,0.366,0.669,-0.3
Seby ZavalaSEA,C,18,39,4,6,0.154,2,0,1,2,11,3,16,0,0.214,0.282,0.496,-0.3
Grae KessingerHOU,3B,15,15,1,0,0,0,0,0,0,0,0,5,0,0,0,0,-0.3
Justyn-Henry MalloyDET,LF,63,192,18,41,0.214,7,1,8,20,74,21,79,1,0.296,0.385,0.682,-0.3
Danny MendickCHW,3B,47,132,13,26,0.197,7,0,3,8,42,6,35,6,0.243,0.318,0.561,-0.3
Enmanuel ValdezBOS,2B,69,185,22,41,0.222,12,0,6,28,71,17,48,1,0.282,0.384,0.665,-0.3
Kameron MisnerTB,LF,8,15,0,1,0.067,0,0,0,0,1,0,10,0,0.067,0.067,0.133,-0.3
Pedro LeonHOU,RF,7,20,2,2,0.1,0,0,0,0,2,1,10,2,0.143,0.1,0.243,-0.3
Tyler LocklearSEA,1B,16,45,3,7,0.156,1,0,2,3,14,3,20,1,0.224,0.311,0.536,-0.3
Bo BichetteTOR,SS,80,306,29,68,0.222,16,1,4,30,98,20,63,5,0.275,0.32,0.595,-0.3
Jose AzocarSD,LF,61,73,13,16,0.219,2,0,0,2,18,5,19,5,0.269,0.247,0.516,-0.3
Nick MartiniCIN,RF,52,146,23,31,0.212,4,2,5,24,54,9,38,1,0.272,0.37,0.641,-0.3
Kyren ParisLAA,2B,21,51,4,6,0.118,2,0,1,5,11,7,17,1,0.224,0.216,0.44,-0.3
Casey SchmittSF,SS,31,86,9,18,0.209,2,1,5,10,37,1,21,0,0.225,0.43,0.655,-0.3
Graham PauleySD,3B,13,32,4,4,0.125,0,0,2,5,10,0,15,0,0.125,0.313,0.438,-0.3
Zach DezenzoHOU,1B,17,52,4,11,0.212,2,0,1,6,16,3,18,0,0.255,0.308,0.562,-0.4
Zach DeLoachCHW,RF,13,33,2,5,0.152,1,0,0,3,6,3,10,0,0.222,0.182,0.404,-0.4
J.D. DavisOAK/NYY,1B,46,142,13,31,0.218,5,0,4,6,48,12,39,0,0.293,0.338,0.631,-0.4
Armando AlvarezOAK,3B,16,37,7,9,0.243,1,0,0,2,10,2,8,1,0.282,0.27,0.552,-0.4
Blake DunnCIN,LF,14,19,4,1,0.053,1,0,0,0,2,1,8,0,0.143,0.105,0.248,-0.4
Tomas NidoCHC/NYM,C,49,130,14,25,0.192,4,0,4,12,41,5,35,0,0.219,0.315,0.534,-0.4
Ji Hwan BaePIT,CF,29,74,11,14,0.189,2,0,0,6,16,6,24,6,0.247,0.216,0.463,-0.4
Luis CampusanoSD,C,91,277,37,63,0.227,13,0,8,40,100,20,41,0,0.281,0.361,0.642,-0.4
Kyle FarmerMIN,2B,92,181,23,39,0.215,11,1,5,25,67,16,41,3,0.298,0.37,0.668,-0.4
Cristian PachePHI/BAL/MIA,CF,81,157,12,32,0.204,8,1,1,16,45,16,62,1,0.276,0.287,0.562,-0.4
Johnathan RodriguezCLE,RF,13,31,6,4,0.129,1,0,0,5,5,9,14,0,0.325,0.161,0.486,-0.4
Kyle StowersBAL/MIA,LF,57,160,12,33,0.206,8,1,3,21,52,9,61,0,0.26,0.325,0.585,-0.4
Adael AmadorCOL,2B,10,35,1,6,0.171,1,0,0,0,7,1,6,1,0.194,0.2,0.394,-0.4
Tom MurphySF,C,13,34,3,4,0.118,1,0,1,2,8,4,14,0,0.211,0.235,0.446,-0.4
Chuckie RobinsonCHW,C,19,47,1,7,0.149,0,0,0,0,7,3,13,0,0.216,0.149,0.365,-0.4
Matt MervisCHC,1B,9,26,1,3,0.115,1,0,0,3,4,1,8,0,0.148,0.154,0.302,-0.4
Coby MayoBAL,3B,13,32,3,3,0.094,0,0,0,0,3,4,16,0,0.216,0.094,0.31,-0.4
Daniel VogelbachTOR,DH,31,70,5,13,0.186,5,0,1,8,21,9,17,0,0.278,0.3,0.578,-0.4
Nick MadrigalCHC,3B,51,86,5,19,0.221,3,0,0,10,22,4,10,1,0.28,0.256,0.535,-0.4
Davis SchneiderTOR,LF,122,357,42,68,0.19,19,1,10,40,119,43,129,6,0.283,0.333,0.616,-0.4
Gabriel AriasCLE,3B,53,153,15,34,0.222,9,1,3,15,54,6,53,5,0.255,0.353,0.608,-0.5
Will BrennanCLE,RF,102,300,35,75,0.25,11,2,8,29,114,18,43,3,0.298,0.38,0.678,-0.5
Justin FoscueTEX,2B,12,29,2,2,0.069,1,0,0,1,3,2,12,0,0.129,0.103,0.232,-0.5
Luke MaileCIN,C,50,126,8,20,0.159,3,0,2,8,29,13,51,2,0.257,0.23,0.487,-0.5
Travis BlankenhornWSH,RF,13,31,2,4,0.129,1,0,0,5,5,1,9,0,0.156,0.161,0.318,-0.5
Owen MillerMIL,1B,14,27,2,5,0.185,1,0,0,3,6,0,8,0,0.185,0.222,0.407,-0.5
James OutmanLAD,CF,52,135,12,20,0.148,4,0,4,11,36,15,54,2,0.253,0.267,0.52,-0.5
Jack LopezLAA,SS,12,24,0,1,0.042,0,0,0,1,1,0,12,0,0.042,0.042,0.083,-0.5
Tyler WadeSD,3B,82,131,27,30,0.229,3,0,0,8,33,11,29,8,0.299,0.252,0.551,-0.5
Joey MenesesWSH,1B,76,281,19,65,0.231,11,0,3,42,85,21,63,2,0.291,0.302,0.593,-0.5
Jose FerminSTL,2B,40,62,6,9,0.145,1,1,0,2,12,7,8,2,0.243,0.194,0.436,-0.5
Jordan BeckCOL,LF,45,144,13,29,0.201,5,0,3,12,43,11,55,6,0.256,0.299,0.555,-0.5
Akil BaddooDET,LF,31,73,7,10,0.137,2,2,2,5,22,8,27,1,0.22,0.301,0.521,-0.5
Spencer TorkelsonDET,1B,77,296,39,64,0.216,19,1,8,31,109,24,89,0,0.283,0.368,0.651,-0.5
Curtis MeadTB,2B,38,122,10,29,0.238,3,0,1,7,35,6,30,2,0.282,0.287,0.569,-0.5
Brett HarrisOAK,3B,36,103,15,15,0.146,3,0,3,12,27,17,25,0,0.276,0.262,0.539,-0.5
Anthony RizzoNYY,1B,81,298,34,65,0.218,9,0,8,31,98,23,56,0,0.288,0.329,0.617,-0.5
Austin HedgesCLE,C,61,125,12,20,0.16,3,0,2,14,29,6,46,2,0.213,0.232,0.445,-0.5
Jeimer CandelarioCIN,3B,112,427,47,96,0.225,23,2,20,56,183,27,114,4,0.279,0.429,0.707,-0.5
Ali SanchezMIA,C,31,84,5,14,0.167,2,0,0,4,16,4,24,2,0.211,0.19,0.402,-0.5
Dillon DinglerDET,C,20,64,2,9,0.141,4,1,1,8,18,2,22,0,0.167,0.281,0.448,-0.5
Jace JungDET,2B,23,66,12,15,0.227,3,0,0,3,18,12,23,0,0.346,0.273,0.619,-0.5
Thairo EstradaSF,2B,96,364,43,79,0.217,15,2,9,47,125,10,76,2,0.247,0.343,0.59,-0.5
Ryan KreidlerDET,SS,35,59,9,7,0.119,0,0,1,2,10,6,19,5,0.2,0.169,0.369,-0.5
Nacho Alvarez Jr.ATL,SS,8,30,1,3,0.1,0,0,0,0,3,0,10,0,0.156,0.1,0.256,-0.5
Cole TuckerLAA,3B,24,50,3,9,0.18,4,1,0,3,15,6,17,3,0.263,0.3,0.563,-0.5
Alan TrejoCOL,2B,28,63,4,9,0.143,0,0,0,1,9,2,15,0,0.182,0.143,0.325,-0.5
Wilmer FloresSF,1B,71,214,19,44,0.206,12,0,4,26,68,20,33,0,0.277,0.318,0.595,-0.6
Nelson VelazquezKC,RF,64,205,31,41,0.2,8,1,8,27,75,19,61,2,0.274,0.366,0.64,-0.6
Miguel VargasCHW/LAD,LF,60,166,17,27,0.163,7,0,4,14,46,20,49,2,0.258,0.277,0.535,-0.6
Emmanuel RiveraBAL/MIA,3B,110,230,19,52,0.226,7,2,3,22,72,23,59,2,0.304,0.313,0.617,-0.6
Sean BouchardCOL,RF,31,91,14,17,0.187,7,0,1,8,27,12,33,4,0.29,0.297,0.586,-0.6
Manuel MargotMIN,RF,116,280,35,70,0.25,14,1,4,30,98,19,46,5,0.302,0.35,0.652,-0.6
Aledmys DiazOAK/HOU,SS,14,33,2,3,0.091,0,0,0,1,3,1,9,0,0.118,0.091,0.209,-0.6
Keston HiuraLAA,2B,10,27,1,4,0.148,0,0,0,1,4,0,10,0,0.148,0.148,0.296,-0.6
Braden ShewmakeCHW,SS,29,64,4,8,0.125,2,0,1,4,13,1,10,5,0.134,0.203,0.337,-0.6
Eloy JimenezBAL/CHW,DH,94,316,25,77,0.244,14,0,6,23,109,22,68,3,0.296,0.345,0.641,-0.6
Gavin SheetsCHW,RF,130,422,32,101,0.239,24,1,8,41,151,41,103,1,0.311,0.358,0.669,-0.6
Vaughn GrissomBOS,2B,23,81,6,12,0.148,1,0,0,3,13,5,19,0,0.207,0.16,0.367,-0.6
Jace PetersonARI,SS,14,22,2,1,0.045,0,0,0,1,1,3,6,0,0.154,0.045,0.199,-0.6
Chas McCormickHOU,LF,94,242,32,51,0.211,6,1,5,27,74,17,72,8,0.271,0.306,0.576,-0.6
Rhys HoskinsMIL,1B,117,408,50,84,0.206,11,0,23,71,164,46,128,3,0.292,0.402,0.694,-0.6
Mike FordCIN,1B,17,60,2,9,0.15,0,1,1,4,14,2,15,0,0.177,0.233,0.411,-0.6
Nolan JonesCOL,LF,67,220,26,47,0.214,11,1,3,22,69,31,81,4,0.31,0.314,0.623,-0.7
Victor Scott IISTL,CF,50,140,12,23,0.164,9,0,2,9,38,6,42,5,0.207,0.271,0.478,-0.7
Edward OlivaresPIT,RF,55,174,22,39,0.224,4,0,5,23,58,16,37,1,0.291,0.333,0.624,-0.7
Ryan NodaOAK,1B,32,91,8,12,0.132,3,0,1,2,18,14,34,0,0.255,0.198,0.453,-0.7
Aaron HicksLAA,RF,18,57,6,8,0.14,0,0,1,5,11,6,23,0,0.222,0.193,0.415,-0.7
Yan GomesCHC,C,34,91,7,14,0.154,2,0,2,7,22,2,36,0,0.179,0.242,0.421,-0.7
MJ MelendezKC,LF,124,388,43,81,0.209,22,2,17,44,158,32,103,4,0.273,0.407,0.68,-0.7
Josh BellMIA/ARI,1B,138,525,58,128,0.244,22,2,18,66,208,49,118,0,0.314,0.396,0.71,-0.7
Ryan ViladeDET,LF,17,45,5,8,0.178,0,0,1,5,11,2,12,0,0.208,0.244,0.453,-0.7
Darell HernaizOAK,SS,44,109,8,21,0.193,2,0,1,9,26,11,24,1,0.268,0.239,0.507,-0.7
Kris BryantCOL,RF,37,133,9,29,0.218,5,0,2,15,40,13,48,0,0.323,0.301,0.623,-0.7
DJ StewartNYM,RF,74,158,16,28,0.177,4,0,5,19,47,31,48,1,0.325,0.297,0.622,-0.8
Bobby DalbecBOS,1B,37,83,6,11,0.133,2,0,1,8,16,8,43,3,0.217,0.193,0.41,-0.8
Pablo ReyesBOS/NYM,2B,22,60,5,11,0.183,2,0,0,5,13,3,19,1,0.234,0.217,0.451,-0.8
Henry DavisPIT,C,37,104,9,15,0.144,4,0,1,5,22,13,45,0,0.242,0.212,0.453,-0.8
Garrett CooperBOS/CHC,1B,36,107,6,22,0.206,5,1,1,11,32,7,35,0,0.267,0.299,0.566,-0.8
Niko GoodrumLAA/TB,3B,13,29,2,3,0.103,0,0,0,0,3,3,10,1,0.188,0.103,0.291,-0.8
Chris TaylorLAD,LF,78,193,23,34,0.176,6,1,3,17,51,26,71,3,0.279,0.264,0.544,-0.9
Jordan WalkerSTL,RF,35,110,10,19,0.173,5,1,2,10,32,7,37,1,0.231,0.291,0.522,-0.9
Austin MartinMIN,LF,89,218,41,55,0.252,16,1,1,16,76,20,43,7,0.321,0.349,0.669,-0.9
Andrew KniznerTEX,C,35,90,5,15,0.167,1,0,1,9,19,1,22,0,0.183,0.211,0.394,-1
Omar NarvaezNYM,C,28,65,4,10,0.154,2,0,0,5,12,3,12,0,0.191,0.185,0.376,-1
Will BensonCIN,CF,120,326,39,62,0.19,19,2,14,42,127,39,147,14,0.279,0.39,0.669,-1
Christian Encarnacion-StrandCIN,1B,29,116,13,22,0.19,6,0,2,16,34,4,35,0,0.22,0.293,0.513,-1
Corey JulksCHW,LF,65,169,17,37,0.219,7,0,3,14,53,15,49,5,0.281,0.314,0.595,-1
Andrew BenintendiCHW,LF,123,427,45,94,0.22,19,0,16,53,161,38,86,3,0.284,0.377,0.661,-1.1
Hunter GoodmanCOL,RF,61,179,18,32,0.179,7,0,9,25,66,7,55,1,0.22,0.369,0.589,-1.1
Dylan CarlsonSTL/TB,RF,88,214,19,43,0.201,7,0,3,23,59,20,67,2,0.281,0.276,0.557,-1.1
Bryan De La CruzPIT/MIA,LF,138,544,57,128,0.235,24,0,19,63,209,27,155,4,0.274,0.384,0.658,-1.1
Adam DuvallATL,RF,101,299,29,55,0.184,10,0,11,30,98,21,99,0,0.248,0.328,0.576,-1.1
Javier BaezDET,SS,80,272,25,50,0.184,12,0,6,37,80,12,69,8,0.221,0.294,0.516,-1.2
Martin MaldonadoCHW,C,48,135,9,16,0.119,3,0,4,11,31,8,51,0,0.174,0.23,0.403,-1.3
Nick SenzelCHW/WSH,3B,74,236,25,46,0.195,11,0,7,18,78,28,61,1,0.283,0.331,0.614,-1.3
Lenyn SosaCHW,3B,85,298,18,69,0.232,11,0,4,25,92,10,68,3,0.26,0.309,0.569,-1.3
Noelvi MarteCIN,3B,54,187,22,38,0.203,7,0,4,15,57,6,65,8,0.239,0.305,0.543,-1.4
Tim AndersonMIA,SS,65,234,16,50,0.214,3,0,0,9,53,7,68,4,0.237,0.226,0.463,-1.4
Eddie RosarioATL/WSH,RF,91,297,33,52,0.175,12,0,10,35,94,16,77,9,0.215,0.316,0.531,-1.5
Elehuris MonteroCOL,1B,67,224,23,46,0.205,10,0,4,28,68,20,56,0,0.267,0.304,0.571,-1.6
Jose AbreuHOU,1B,35,113,10,14,0.124,2,0,2,7,22,4,28,0,0.167,0.195,0.361,-1.6
DJ LeMahieuNYY,3B,67,201,19,41,0.204,5,0,2,26,52,19,35,0,0.269,0.259,0.527,-1.7
Jack SuwinskiPIT,CF,88,247,29,45,0.182,8,0,9,26,80,27,79,9,0.264,0.324,0.588,-1.7
Nick GordonMIA,LF,95,260,29,59,0.227,11,1,8,32,96,11,67,5,0.258,0.369,0.627,-1.8
Brandon DruryLAA,2B,88,290,27,49,0.169,6,0,4,15,67,26,70,0,0.247,0.231,0.478,-1.9